{
  "project_info": {
    "project_number": "376148656329",
    "project_id": "safenote-5d20c",
    "storage_bucket": "safenote-5d20c.appspot.com"
  },
  "client": [
    {
      "client_info": {
        "mobilesdk_app_id": "1:376148656329:android:a37f0782564c60a6f98d18",
        "android_client_info": {
          "package_name": "com.zaheer.safenote"
        }
      },
      "oauth_client": [
        {
          "client_id": "376148656329-acslcgfujpvf0vv411qlrbsqovmtaeth.apps.googleusercontent.com",
          "client_type": 3
        }
      ],
      "api_key": [
        {
          "current_key": "AIzaSyBS95SL_UrwBcJvOmyPj872DcN7U0WUG_o"
        }
      ],
      "services": {
        "appinvite_service": {
          "other_platform_oauth_client": [
            {
              "client_id": "376148656329-acslcgfujpvf0vv411qlrbsqovmtaeth.apps.googleusercontent.com",
              "client_type": 3
            }
          ]
        }
      }
    }
  ],
  "configuration_version": "1"
}